,province,r2score
0,Alberta,0.9980974429565153
1,British Columbia,0.9589168318193225
2,Saskatchewan,0.8937776160185708
3,Manitoba,0.980796472586468
4,Quebec,0.9597872104316099
5,Ontario,0.9888087762676258
6,Newfoundland and Labrador,0.8721378246494025
7,Nova Scotia,0.9866978609898331
8,Atlantic Region,0.9592097750652356
9,New Brunswick,0.9746426463172327
10,Prince Edward Island,0.6031358798259365
