,province,r2score
0,Alberta,0.9588117090190931
1,British Columbia,0.8363669273456951
2,Saskatchewan,0.8070086015414639
3,Manitoba,0.953684203647346
4,Quebec,0.9234561210118982
5,Ontario,0.9637419690886144
6,Newfoundland and Labrador,0.7309201814771507
7,Nova Scotia,0.9620597630269168
8,Atlantic Region,0.9077251256117037
9,New Brunswick,0.6178935456376443
10,Prince Edward Island,0.2230454544530599
